{
    "size": 431080,
    "size_nz": 107770,
    "compression_ratio": 4.0,
    "flops": 4397000,
    "flops_nz": 418027.27648,
    "theoretical_speedup": 10.518452377139004,
    "loss": 0.018057744148411322,
    "val_acc1": 0.1001780063291139,
    "val_acc5": 0.46954113924050633
}