{
    "size": 431080,
    "size_nz": 107770,
    "compression_ratio": 4.0,
    "flops": 4397000,
    "flops_nz": 421823.27648,
    "theoretical_speedup": 10.423796516616541,
    "loss": 0.018032061619849146,
    "val_acc1": 0.0988924050632911,
    "val_acc5": 0.5000988924050633
}