,module,param,comp,size,shape,prunable
0,conv1,weight,1.1764705552361838,500,"(20, 1, 5, 5)",True
1,conv1,bias,1.1111111405455043,20,"(20,)",True
2,conv2,weight,4.663309018072279,25000,"(50, 20, 5, 5)",True
3,conv2,bias,4.545454570084564,50,"(50,)",True
4,fc1,weight,151.28592948422835,400000,"(500, 800)",True
5,fc1,bias,166.66666521794266,500,"(500,)",True
6,fc2,weight,1.0,5000,"(10, 500)",False
7,fc2,bias,1.0,10,"(10,)",False
