{
    "size": 431080,
    "size_nz": 13472,
    "compression_ratio": 31.998218527315913,
    "flops": 4397000,
    "flops_nz": 425633.23264,
    "theoretical_speedup": 10.330490344298319,
    "loss": 0.017985449396545374,
    "val_acc1": 0.11600079113924047,
    "val_acc5": 0.49030854430379744
}