{
    "size": 431080,
    "size_nz": 107770,
    "compression_ratio": 4.0,
    "flops": 4397000,
    "flops_nz": 376626.70112,
    "theoretical_speedup": 11.674690049654863,
    "loss": 0.018004115270097057,
    "val_acc1": 0.10630933544303797,
    "val_acc5": 0.49416534810126583
}