{
    "size": 431080,
    "size_nz": 107770,
    "compression_ratio": 4.0,
    "flops": 4397000,
    "flops_nz": 404073.27648,
    "theoretical_speedup": 10.881689673475929,
    "loss": 0.018026958137184766,
    "val_acc1": 0.09216772151898733,
    "val_acc5": 0.4442246835443037
}