{
    "size": 431080,
    "size_nz": 107770,
    "compression_ratio": 4.0,
    "flops": 4397000,
    "flops_nz": 420548.27648,
    "theoretical_speedup": 10.455398930184673,
    "loss": 0.018043127712569666,
    "val_acc1": 0.04647943037974684,
    "val_acc5": 0.4828916139240506
}