{
    "size": 431080,
    "size_nz": 26825,
    "compression_ratio": 16.07008387698043,
    "flops": 4397000,
    "flops_nz": 37967.47168,
    "theoretical_speedup": 115.80966036029713,
    "loss": 0.017991439144633997,
    "val_acc1": 0.10235363924050636,
    "val_acc5": 0.49030854430379744
}