{
    "size": 431080,
    "size_nz": 431080,
    "compression_ratio": 1.0,
    "flops": 4397000,
    "flops_nz": 391942.99648000003,
    "theoretical_speedup": 11.218468092271088,
    "loss": 0.018044442834356165,
    "val_acc1": 0.11679193037974689,
    "val_acc5": 0.5012856012658229
}