{
    "size": 431080,
    "size_nz": 107770,
    "compression_ratio": 4.0,
    "flops": 4397000,
    "flops_nz": 421692.27648,
    "theoretical_speedup": 10.427034700998467,
    "loss": 0.017977958710133274,
    "val_acc1": 0.08138844936708861,
    "val_acc5": 0.49802215189873433
}