{
    "size": 431080,
    "size_nz": 107785,
    "compression_ratio": 3.999443336271281,
    "flops": 4397000,
    "flops_nz": 103605.77664,
    "theoretical_speedup": 42.439718542705386,
    "loss": 0.017986875310351577,
    "val_acc1": 0.11313291139240504,
    "val_acc5": 0.49159414556962044
}