{
    "size": 431080,
    "size_nz": 6729,
    "compression_ratio": 64.06301084856591,
    "flops": 4397000,
    "flops_nz": 19730.0,
    "theoretical_speedup": 222.85859097820577,
    "loss": 0.017991236917957478,
    "val_acc1": 0.1016613924050633,
    "val_acc5": 0.49030854430379744
}