{
    "size": 431080,
    "size_nz": 53885,
    "compression_ratio": 8.0,
    "flops": 4397000,
    "flops_nz": 353979.176,
    "theoretical_speedup": 12.421634655706415,
    "loss": 0.017954827557447588,
    "val_acc1": 0.13568037974683544,
    "val_acc5": 0.5261075949367089
}