{
    "size": 431080,
    "size_nz": 53862,
    "compression_ratio": 8.003416137536668,
    "flops": 4397000,
    "flops_nz": 136098.94336,
    "theoretical_speedup": 32.307377937309504,
    "loss": 0.017993597643850716,
    "val_acc1": 0.1016613924050633,
    "val_acc5": 0.49030854430379744
}