{
    "size": 431080,
    "size_nz": 6736,
    "compression_ratio": 63.996437054631826,
    "flops": 4397000,
    "flops_nz": 337569.30816,
    "theoretical_speedup": 13.025473269376505,
    "loss": 0.017991155126615414,
    "val_acc1": 0.09988132911392401,
    "val_acc5": 0.49030854430379744
}