{
    "size": 431080,
    "size_nz": 215540,
    "compression_ratio": 2.0,
    "flops": 4397000,
    "flops_nz": 456659.1696,
    "theoretical_speedup": 9.628625225792465,
    "loss": 0.018051180186905432,
    "val_acc1": 0.07248813291139239,
    "val_acc5": 0.4861550632911393
}