{
    "size": 431080,
    "size_nz": 6736,
    "compression_ratio": 63.996437054631826,
    "flops": 4397000,
    "flops_nz": 286534.0,
    "theoretical_speedup": 15.345473835565762,
    "loss": 0.01798956093814554,
    "val_acc1": 0.06912579113924051,
    "val_acc5": 0.49030854430379744
}