{
    "size": 431080,
    "size_nz": 53888,
    "compression_ratio": 7.999554631828978,
    "flops": 4397000,
    "flops_nz": 122801.94336,
    "theoretical_speedup": 35.80562228652991,
    "loss": 0.017975343768543834,
    "val_acc1": 0.11164952531645572,
    "val_acc5": 0.5540941455696201
}