,module,param,comp,size,shape,prunable
0,conv1,weight,19.23076883399276,500,"(20, 1, 5, 5)",True
1,conv1,bias,19.99999970197678,20,"(20,)",True
2,conv2,weight,19.425019811409708,25000,"(50, 20, 5, 5)",True
3,conv2,bias,16.666667039195705,50,"(50,)",True
4,fc1,weight,19.425963061098454,400000,"(500, 800)",True
5,fc1,bias,19.23076883399276,500,"(500,)",True
6,fc2,weight,1.0,5000,"(10, 500)",False
7,fc2,bias,1.0,10,"(10,)",False
