{
    "size": 431080,
    "size_nz": 26944,
    "compression_ratio": 15.999109263657957,
    "flops": 4397000,
    "flops_nz": 38029.47168,
    "theoretical_speedup": 115.62085418905298,
    "loss": 0.017988103878083115,
    "val_acc1": 0.10156250000000003,
    "val_acc5": 0.49030854430379744
}