{
    "size": 431080,
    "size_nz": 107772,
    "compression_ratio": 3.9999257692164942,
    "flops": 4397000,
    "flops_nz": 109026.77664,
    "theoretical_speedup": 40.32954229692248,
    "loss": 0.01798955329894266,
    "val_acc1": 0.0861352848101266,
    "val_acc5": 0.5151305379746837
}