{
    "size": 431080,
    "size_nz": 6741,
    "compression_ratio": 63.94896899569797,
    "flops": 4397000,
    "flops_nz": 23661.0,
    "theoretical_speedup": 185.83322767423186,
    "loss": 0.01799070759664607,
    "val_acc1": 0.09988132911392401,
    "val_acc5": 0.49030854430379744
}