,module,param,comp,size,shape,prunable
0,conv1,weight,1.098901067230959,500,"(20, 1, 5, 5)",True
1,conv1,bias,1.0526315921561542,20,"(20,)",True
2,conv2,weight,3.0160454898008657,25000,"(50, 20, 5, 5)",True
3,conv2,bias,1.0416666899497316,50,"(50,)",True
4,fc1,weight,31.51095078073799,400000,"(500, 800)",True
5,fc1,bias,1.1682242906055074,500,"(500,)",True
6,fc2,weight,1.0,5000,"(10, 500)",False
7,fc2,bias,1.0,10,"(10,)",False
