{
    "size": 431080,
    "size_nz": 26943,
    "compression_ratio": 15.999703076865977,
    "flops": 4397000,
    "flops_nz": 354701.73887999996,
    "theoretical_speedup": 12.396330544879454,
    "loss": 0.017973790746889536,
    "val_acc1": 0.11164952531645575,
    "val_acc5": 0.5318433544303797
}