{
    "size": 431080,
    "size_nz": 13472,
    "compression_ratio": 31.998218527315913,
    "flops": 4397000,
    "flops_nz": 320645.92448,
    "theoretical_speedup": 13.712945228075895,
    "loss": 0.01799164313964452,
    "val_acc1": 0.12124208860759493,
    "val_acc5": 0.49030854430379744
}