{
    "size": 431080,
    "size_nz": 107770,
    "compression_ratio": 4.0,
    "flops": 4397000,
    "flops_nz": 406420.27648,
    "theoretical_speedup": 10.81884997983455,
    "loss": 0.018084382213935067,
    "val_acc1": 0.06437895569620253,
    "val_acc5": 0.46064082278481017
}