{
    "size": 431080,
    "size_nz": 13473,
    "compression_ratio": 31.995843538929712,
    "flops": 4397000,
    "flops_nz": 81614.58176,
    "theoretical_speedup": 53.87517653315975,
    "loss": 0.017990959949697127,
    "val_acc1": 0.09988132911392401,
    "val_acc5": 0.49030854430379744
}