{
    "size": 431080,
    "size_nz": 13452,
    "compression_ratio": 32.045792447219746,
    "flops": 4397000,
    "flops_nz": 80658.58176,
    "theoretical_speedup": 54.51372816203606,
    "loss": 0.017991235974846,
    "val_acc1": 0.1016613924050633,
    "val_acc5": 0.49030854430379744
}