{
    "size": 431080,
    "size_nz": 215329,
    "compression_ratio": 2.001959791760515,
    "flops": 4397000,
    "flops_nz": 250342.55328,
    "theoretical_speedup": 17.563933667649778,
    "loss": 0.018005749965204473,
    "val_acc1": 0.07941060126582278,
    "val_acc5": 0.49367088607594933
}