{
    "size": 431080,
    "size_nz": 215540,
    "compression_ratio": 2.0,
    "flops": 4397000,
    "flops_nz": 263867.55328,
    "theoretical_speedup": 16.663663058770148,
    "loss": 0.01802595999516264,
    "val_acc1": 0.07812500000000003,
    "val_acc5": 0.49357199367088606
}