{
    "size": 431080,
    "size_nz": 215540,
    "compression_ratio": 2.0,
    "flops": 4397000,
    "flops_nz": 389351.01856,
    "theoretical_speedup": 11.293151399120871,
    "loss": 0.018055761209394363,
    "val_acc1": 0.07515822784810126,
    "val_acc5": 0.48496835443037983
}