{
    "size": 431080,
    "size_nz": 53885,
    "compression_ratio": 8.0,
    "flops": 4397000,
    "flops_nz": 298518.4432,
    "theoretical_speedup": 14.72940818284423,
    "loss": 0.017947385394120514,
    "val_acc1": 0.11787974683544303,
    "val_acc5": 0.5255142405063291
}