{
    "size": 431080,
    "size_nz": 26943,
    "compression_ratio": 15.999703076865977,
    "flops": 4397000,
    "flops_nz": 350482.12256,
    "theoretical_speedup": 12.545575699791266,
    "loss": 0.017977938857636877,
    "val_acc1": 0.10245253164556962,
    "val_acc5": 0.5267998417721518
}